{"cameraMode":{"drawMode":0,"name":"Shaded","section":"Shading Mode"},"sceneLighting":true,"audioPlay":false,"sceneViewState":{"showFog":true,"showMaterialUpdate":false,"showSkybox":true,"showFlares":true,"showImageEffects":true,"showParticleSystems":true},"in2DMode":false,"pivot":{"x":-0.6001256704330444,"y":2.7721190452575685,"z":1.2712736129760743},"rotation":{"x":-0.36697471141815188,"y":-0.41615548729896548,"z":0.18884456157684327,"w":-0.8103378415107727},"size":10.412107467651368,"orthographic":true}